idx,category,arabic,definition,difficulty,discrimination
1,Sound Effects and Animal Sounds,صوت.غنمة.ف,sheep.sound,-0.4483195193782719,1.0155134175435734
2,Sound Effects and Animal Sounds,قطة.ف,cat.sound,0.21168279027029868,1.4823359295314393
3,Sound Effects and Animal Sounds,اكل.ف,desire.to.eat.sound,0.8066285701407572,0.9945363075822112
4,Sound Effects and Animal Sounds,سيارة.ف,car.sound,0.14919213055175026,1.3219607309939712
5,Sound Effects and Animal Sounds,بكاء.ف,crying.sound,0.4233321040234594,1.1680681804608426
6,Sound Effects and Animal Sounds,ديك.ف,rooster.sound,-1.3651969603382155,1.2345510910503048
7,Sound Effects and Animal Sounds,قطار.ف,train.sound,-1.5694386293265081,0.9554833338073259
8,Sound Effects and Animal Sounds,بقرة.ف,cow.sound,-1.7184020470158385,0.9487187222441469
9,Sound Effects and Animal Sounds,مفاجأة.ف,surprise.sound,-0.32231267909120265,0.9468753408154382
10,Sound Effects and Animal Sounds,الم.ف,pain.sound,0.9745117494490297,1.334629732631124
11,Sound Effects and Animal Sounds,طاح.ف,falling.sound,-0.2159159681636612,1.0002815724930705
12,Sound Effects and Animal Sounds,كريهة.ف,to.express.bad.smell.sound,0.1200342218905942,1.4947952535188431
13,Sound Effects and Animal Sounds,عصفور.ف,bird.sound,-1.2962025108431408,1.271027972260609
14,Sound Effects and Animal Sounds,مسدس.ف,gunshot.sound,-0.6404057229430307,1.1782661665133294
15,Sound Effects and Animal Sounds,قرف.ف,to.express.disgust.sound,0.4372134736469571,1.695027130973866
16,Sound Effects and Animal Sounds,حرارة.ف,hot.sound,0.6036029899360927,1.1354587971664096
17,Sound Effects and Animal Sounds,لذيذ.ف,yummy.sound,-0.4632490936199557,1.3714666163844245
18,Sound Effects and Animal Sounds,كلب.ف,dog.sound,-0.6855742414248928,1.299963932189509
19,Sound Effects and Animal Sounds,دباب.ف,motorcycle.sound,-2.1532240642156744,1.1630625801128023
20,Sound Effects and Animal Sounds,طفش.ف,boredom.sound,-1.817035724370729,1.2971529757898583
21,Sound Effects and Animal Sounds,الذئب.ف,wolf.sound,-2.0170194452818198,0.9049365069684836
22,Sound Effects and Animal Sounds,موافقة.ف,expressing.agreement,0.13764319820521084,1.777735604726071
23,Sound Effects and Animal Sounds,غراب.ف,crow.sound,-2.9770654362540476,0.9860225655179965
24,Sound Effects and Animal Sounds,وحش.ف,monster.sound,-0.7854785327792306,1.1158322728868133
25,Sound Effects and Animal Sounds,البطة.ف,duck.sound,-1.7757428757394214,1.2255905173294501
26,Sound Effects and Animal Sounds,ذبابة.ف,fly.sound,-2.623103386374153,1.0743578530284208
27,Animals (Real or Toy),خروف.ف,sheep,-1.7812133860392751,1.3832382432735646
28,Animals (Real or Toy),حمامة.ف,pigeon,-1.3674824992756383,1.0918480023025774
29,Animals (Real or Toy),حيوانات.ف,animals,-2.81003701857411,1.586102586641398
30,Animals (Real or Toy),القطة.ف,cat,-0.12136777954457834,1.645658573141712
31,Animals (Real or Toy),عنزة.ف,goat,-2.242495331645395,1.5892903774023168
32,Animals (Real or Toy),الحصان.ف,horse,-2.1113564944406424,1.8567687032167315
33,Animals (Real or Toy),سمكة.ف,fish.animal,-2.083166927071252,2.129656821525118
34,Animals (Real or Toy),نمر.ف,tiger,-3.1592806882492335,1.5766731978264306
35,Animals (Real or Toy),جمل.ف,camel,-2.381838014350882,1.694126071110653
36,Animals (Real or Toy),فيل.ف,elephant,-2.5549168817129284,1.60203972455358
37,Animals (Real or Toy),سلحفاة.ف,turtle,-3.6184875638339626,1.7924365404758407
38,Animals (Real or Toy),الكلب.ف,dog,-1.5882285806947567,1.797176526867906
39,Animals (Real or Toy),دب.ف,bear,-1.746801852849978,1.5313581735956654
40,Animals (Real or Toy),ضفدع.ف,frog,-4.0657005902494845,1.8925649021193909
41,Animals (Real or Toy),دجاجة.ف,chicken.animal,-1.9209921132844145,1.636112458809687
42,Animals (Real or Toy),زرافة.ف,giraffe,-3.313230951310792,1.6050192440719815
43,Animals (Real or Toy),فار.ف,mouse,-2.804584132800066,1.581147917661916
44,Animals (Real or Toy),ارنب.ف,rabbit,-2.1408113880861634,1.8074350582931422
45,Animals (Real or Toy),فراشة.ف,butterfly,-3.0454663593464413,1.8560370337070504
46,Animals (Real or Toy),بطة.ف,duck,-1.8722140328034815,1.5071599953738146
47,Animals (Real or Toy),قرد.ف,monkey,-2.8331875120149963,1.930754566053766
48,Animals (Real or Toy),العصفور.ف,sparrow,-1.6108693108926853,2.1037202156947754
49,Animals (Real or Toy),صرصور.ف,cockroach,-2.4622654099291754,1.884247726754925
50,Animals (Real or Toy),ناموس.ف,mosquito,-3.095053277535957,2.033146934188541
51,Animals (Real or Toy),بومة.ف,owl,-3.928623971808903,1.5143228967809526
52,Animals (Real or Toy),بطريق.ف,penguin,-4.260979887609473,1.7792377253001421
53,Animals (Real or Toy),دايناصور.ف,dinosaur,-3.9916698660928898,1.8680905030462915
54,Animals (Real or Toy),سنجاب.ف,squirrel,-4.688732239623235,1.685837929667422
55,Animals (Real or Toy),نحلة.ف,bee,-3.8046246942112654,1.880465279980342
56,Animals (Real or Toy),تمساح.ف,crocodile,-3.8616045817622577,1.6525312228398894
57,Animals (Real or Toy),غزال.ف,deer,-3.762050259166641,1.7036392984475406
58,Animals (Real or Toy),حمار.ف,donkey,-3.22931077634183,1.9705952055895204
59,Animals (Real or Toy),وزة.ف,goose,-4.404751122946121,1.7640984952246368
60,Animals (Real or Toy),الديك.حقيقيي.ف,rooster,-3.231377937058927,1.7792864823876569
61,Animals (Real or Toy),البقرة.ف,cow,-3.0000504408352113,1.993667578362986
62,Animals (Real or Toy),ذئب.ف,wolf,-4.805649133794139,2.382167639143544
63,Animals (Real or Toy),حيوان.ف,animal,-3.3202757715984377,2.1245294224961633
64,Animals (Real or Toy),دودة.ف,worm,-1.6613364069889973,1.3740989648452222
65,Animals (Real or Toy),ثور.ف,bull,-4.718964047677675,1.9939661892831924
66,Animals (Real or Toy),تيس.ف,hegoat,-3.859291834982901,1.637091231411561
67,Animals (Real or Toy),خنزير.ف,pig,-5.219909860693636,2.123419072898785
68,Animals (Real or Toy),صوص.ف,chick,-3.2876713998708156,1.5968260479379786
69,Animals (Real or Toy),حنطور.ف,carriage,-5.574002654780171,2.1295309580173347
70,Animals (Real or Toy),عنكبوت.ف,spider,-4.208999438813601,2.1196458721315126
71,Animals (Real or Toy),ديك.رومي.ف,turkey,-4.0515286645463675,1.429300656861413
72,Animals (Real or Toy),وزغة.ف,gecko,-3.8106443795861873,1.8452818129201503
73,Animals (Real or Toy),اسد.ف,lion,-2.704174300130765,1.9222661645737287
74,Animals (Real or Toy),ضب.ف,lizard,-4.384074318740942,1.522064477182988
75,Animals (Real or Toy),جرو.ف,puppy,-4.224361491170954,1.602113981655681
76,Animals (Real or Toy),الغراب.ف,crow,-4.940711470053484,2.0291651410835176
77,Animals (Real or Toy),طائر.ف,bird,-3.2917356302584917,1.7451274881475287
78,Animals (Real or Toy),فهد.ف,leopard,-4.007884935229967,1.522820677705874
79,Toys,كرة.ف,ball,-0.001536228819843774,2.10467695152623
80,Toys,مشاية.ف,walker,-3.4691482040549784,1.8644579471872524
81,Toys,قلم.ف,pen,-1.9777691106905757,2.7572401965916913
82,Toys,ورق.ملون.ف,colored.paper,-3.3364151450426136,1.598949685652122
83,Toys,مقص.ف,scissors,-3.280147300694262,2.8274126972173224
84,Toys,كتاب.ف,book,-2.015177612698759,2.2344730826100445
85,Toys,غراء.ف,glue,-4.0936831988654845,1.8699917906015633
86,Toys,كرتون.ف,cartoon.character,-1.3229506812723482,1.498580992499837
87,Toys,صلصال.ف,playdough,-2.897093261106073,1.6533019345718005
88,Toys,بالونة.ف,balloon,-1.211988561214029,2.5913844715271974
89,Toys,فقاعات.ف,bubbles,-2.8169857876993647,1.6490092640396952
90,Toys,مضرب.ف,racket,-4.555981910464864,1.8916383794491993
91,Toys,مكعبات.ف,blocks,-2.7025993330549567,2.1150826784746157
92,Toys,لعبة.ف,toy,-2.350785740756725,3.191247561071389
93,Toys,طباشير.ف,chalks,-4.361787362091509,1.7524676471615797
94,Toys,تلاوين.ف,colors,-2.4050682623787707,2.483388178773373
95,Toys,عروسة.ف,doll,-1.6096553210436737,1.89743653568098
96,Toys,رصاص.ف,pencil,-2.7280075735994385,1.8168734632132901
97,Toys,هدية.ف,gift,-3.5320540435292163,2.5781907870549436
98,Toys,قصة.ف,story,-3.317168630301113,2.3650335645589493
99,Toys,سكوتر.ف,scooter.1,-3.6813178153853894,1.6843802129089418
100,Toys,بلاي.ستيشن.ف,playstation,-2.9094510764579367,1.6873249685240206
101,Toys,قالب.ف,playdough.molds,-4.095903208604707,1.4261076841950762
102,Toys,مصاصة.ف,pacifier.1,-2.254202702935138,1.9529385064859666
103,Toys,العاب.ف,toys,-2.0440257585439077,2.6481744986825433
104,Toys,صندوق.ف,toy.box,-4.294005725466628,2.9930751203894843
105,Toys,مساحة.ف,eraser,-4.043767928724111,2.384117142609747
106,Toys,دائرة.ف,circle,-3.335182965080191,2.013097487547008
107,Vehicles (Real or Toy),السيارة.ف,car,-0.16390040464289954,2.1688705634854313
108,Vehicles (Real or Toy),ونيت.ف,pickup.truck,-4.515695545385839,1.944805443778481
109,Vehicles (Real or Toy),بوليس.ف,police.car,-3.546442606098923,2.2314542569103195
110,Vehicles (Real or Toy),طيارة.ف,airplane,-1.8772652298032904,2.3849363350953245
111,Vehicles (Real or Toy),سفينة.ف,ship,-3.9433056754954863,2.608090516476794
112,Vehicles (Real or Toy),سكيت.ف,skating.shoes,-4.786738031738479,1.832397997015713
113,Vehicles (Real or Toy),ترلة.ف,truck,-3.7482671184502925,1.7466400941372842
114,Vehicles (Real or Toy),القطار.ف,train,-2.9967088954328065,2.014732069647066
115,Vehicles (Real or Toy),هيلوكوبيتر.ف,helicopter,-4.09876938367094,1.6275166253679052
116,Vehicles (Real or Toy),سيكل.ف,bicycle,-2.0608171086633065,2.155093652330577
117,Vehicles (Real or Toy),موتور.ف,motorcycle,-2.821640834226681,1.8841368577009674
118,Vehicles (Real or Toy),مركب.ف,boat,-4.83562393135292,2.1968863824595886
119,Vehicles (Real or Toy),اسعاف.ف,ambulance,-4.690562978420181,2.320657549785077
120,Vehicles (Real or Toy),مطافي.ف,firetruck,-4.849896821789103,2.1248076443292754
121,Vehicles (Real or Toy),باص.ف,bus,-3.6489981311097752,2.071745747390805
122,Vehicles (Real or Toy),عربية.ف,stroller,-3.152176172061665,2.471374571233442
123,Vehicles (Real or Toy),تكسي.ف,taxi,-3.940526237006335,1.7906536008643577
124,Vehicles (Real or Toy),السكوتر.ف,scooter.2,-3.2839872296985084,1.5210261388679742
125,Food and Drink,تمر.ف,dates,-1.7900077888198773,2.3492267461803165
126,Food and Drink,توست.ف,toast,-2.9912886773742358,2.021756944535368
127,Food and Drink,سمك.ف,fish.food,-3.053956969850455,2.7616128936613165
128,Food and Drink,بسكوت.ف,biscuit,-0.8489157394031855,2.7428817248021558
129,Food and Drink,حليب.ف,milk,-0.39603545498432274,2.799916927026508
130,Food and Drink,حلاوة.ف,candy,-0.49735965565298196,2.360031797572874
131,Food and Drink,سلطة.ف,salad,-3.744950245843979,2.789123392136251
132,Food and Drink,جيلي.ف,gello,-4.048743279445361,2.2235732118765723
133,Food and Drink,حلاوة.مصاص.ف,lollipop,-1.4214035056415293,2.1619487623783784
134,Food and Drink,طماطم.ف,tomatoes,-2.270205493646119,2.3278203075463177
135,Food and Drink,شوربة.ف,soup,-2.552859956796402,2.5637634509023894
136,Food and Drink,شوكلاته.ف,chocolate,-1.6966920625228292,2.9817469300823096
137,Food and Drink,جبنة.ف,cheese,-2.7255322231233925,2.897520737703072
138,Food and Drink,فستق.ف,pistachio,-4.7790976584882126,2.318029812357425
139,Food and Drink,الاكل.ف,food,-1.0508330665447183,2.178628271666692
140,Food and Drink,خيار.ف,cucumber,-2.4837385758683457,2.5966221252819337
141,Food and Drink,لوز.ف,almonds,-4.060938175758012,2.027512577403416
142,Food and Drink,رز.ف,rice,-1.22756727566562,2.4877847084331526
143,Food and Drink,جزر.ف,carrot,-3.2381552055442464,2.43536968812833
144,Food and Drink,فصفص.ف,seeds,-3.3495089392486452,2.252010051100671
145,Food and Drink,سندويتش.ف,sandwich,-2.242032341632896,2.2920974935924234
146,Food and Drink,كريمة.ف,cream.caramel,-3.7948313438201686,2.0436640162034645
147,Food and Drink,رايب.ف,buttermilk,-1.7745511719488438,1.916867341855724
148,Food and Drink,سكر.ف,sugar,-3.481062081797489,2.7117319157162876
149,Food and Drink,مربى.ف,jam,-4.568649878999649,2.208514772452678
150,Food and Drink,طعمية.ف,falafel,-5.24846240918531,2.473280477366777
151,Food and Drink,ملح.ف,salt,-3.8501021012834737,2.626784648827163
152,Food and Drink,فشار.ف,popcorn,-2.9167981651429025,2.299149328282188
153,Food and Drink,زبيب.ف,raisins,-4.245714882815842,2.017826879435349
154,Food and Drink,فلفل.ف,pepper,-3.7256563185635536,2.643416525780998
155,Food and Drink,حلويات.ف,candies,-2.4023518928051075,2.408269652263019
156,Food and Drink,معمول.ف,maamoul,-4.182978294861537,2.394229149531018
157,Food and Drink,تفاح.ف,apple,-1.604004009863534,2.4400057040894794
158,Food and Drink,شابورة.ف,rusk,-4.013639060018611,2.2378190887064386
159,Food and Drink,مكرونة.ف,pasta,-2.6048784323427183,2.8101670577286457
160,Food and Drink,دوا.ف,medicine,-2.1168724556771563,2.755404594305975
161,Food and Drink,هامبورجر.ف,hamburger,-4.564941343469688,2.651778422982658
162,Food and Drink,فراولة.ف,strawberry,-3.2788860795581214,2.4479523318430525
163,Food and Drink,موز.ف,banana,-1.9786467381266288,2.9268299406525355
164,Food and Drink,تونة.ف,tuna,-4.244627888578098,2.5833397236165565
165,Food and Drink,عنب.ف,grapes,-3.4712773900372036,2.980921144711991
166,Food and Drink,شيبس.ف,chips,-2.386363414586726,2.081414764638538
167,Food and Drink,كاتشب.ل,ketchip,-3.198840384013822,2.9199277303553988
168,Food and Drink,بطيخ.ف,watermelon,-2.3382955502763147,2.343073643061535
169,Food and Drink,زبدة.ف,butter,-6.276731753257784,2.984290369474635
170,Food and Drink,عصير.ف,juice,-1.5199157041103561,2.676878193602408
171,Food and Drink,برتقال.ف,orange.food,-2.1336490155777956,2.596157861880129
172,Food and Drink,عسل.ف,honey,-2.8163121896205943,2.1578760034193714
173,Food and Drink,ماء.ف,water,-0.18559223273256772,1.861299733612593
174,Food and Drink,ثلج.ف,ice,-3.4821987765516913,2.3843100188426716
175,Food and Drink,زيت.ف,oil,-3.8819261729231296,2.2837490842640107
176,Food and Drink,شاهي.ف,tea,-2.2039994069809925,2.6951978907936023
177,Food and Drink,كمثري.ف,pears,-4.30291365685486,2.028364070449224
178,Food and Drink,قهوة.ف,coffee,-2.4563291788242045,2.3482532042241626
179,Food and Drink,بيتزا.ف,pizza,-3.2497667194868867,2.5549384951984053
180,Food and Drink,خس.ف,lettuce,-4.409624934917153,2.319292685586914
181,Food and Drink,بانكيك.ف,pancake,-3.8886820023215942,1.848793321302815
182,Food and Drink,كورن.فليكس.ف,cornflakes,-3.0434091601585522,2.271511058301444
183,Food and Drink,سمبوسك.ف,samosa,-3.6105471165025977,2.6648487712800377
184,Food and Drink,يوسفي.ف,tangerine,-4.011959407835849,1.8686577034008147
185,Food and Drink,بيض.ف,eggs,-2.171656777343643,2.538147101037075
186,Food and Drink,دجاج.ف,chicken.food,-2.3744762214089605,2.1187015585286084
187,Food and Drink,بيبسي.ف,pepsi,-2.285137935990593,2.0776014622825163
188,Food and Drink,كيك.ف,cake,-1.804366279594845,2.521347849823216
189,Food and Drink,لحم.ف,meat,-2.724820820978191,2.227219754024256
190,Food and Drink,رضاعة.ف,feeding.bottle,-0.8556896363108879,1.2885435383108175
191,Food and Drink,ايسكريم.ف,ice.cream,-1.9426373458371722,2.5145223454822596
192,Food and Drink,ذرة.ف,corn,-4.203838092531307,2.508814856368134
193,Food and Drink,كوسة.ف,zucchini,-4.884327180276431,2.292060453823022
194,Food and Drink,خبز.ف,bread,-2.3670961148800993,2.5835898121832415
195,Food and Drink,دونات.ف,doughnut,-3.817895549019056,2.2460729637196097
196,Food and Drink,ليمون.ف,lemon,-2.509763539134149,2.082176197114065
197,Food and Drink,لبانة.ف,gum,-2.36787262842487,2.3377941904423607
198,Food and Drink,فاصوليا.ف,beans,-5.1889853955429555,2.2130676513665315
199,Food and Drink,كرز.ف,cherry,-5.311069252150453,2.426491159220526
200,Food and Drink,زبادي.ف,yogurt,-1.57848717937608,2.361511462813544
201,Food and Drink,فيتامين.ف,vitamin,-4.9235523791299896,1.9134209655809922
202,Food and Drink,بطاطس.مقلي.ف,fries,-1.7235522245422945,2.3600897297727483
203,Food and Drink,فاكهة.ف,fruit,-4.662466222237308,2.3472176050966103
204,Food and Drink,صلصة.ف,sauce,-5.1307452972878265,2.264771214254679
205,Food and Drink,ملوخية.ف,mulukhiyah,-4.151001082260021,2.4117624868931906
206,Food and Drink,بازيلا.ف,peas,-5.305463508515418,2.0597235691999987
207,Food and Drink,صامولي.ف,hot.dog.buns,-3.8065385568021197,2.210528669852488
208,Food and Drink,قشطة.ف,heavy.cream,-4.599701628547679,2.587758772403716
209,Food and Drink,سيريلاك.ف,cerelac,-3.71687286249572,2.0611552207726187
210,Clothing,ثوب.ف,thoub,-2.350072894346361,2.2342085394671876
211,Clothing,تنورة.ف,skirt,-4.946098113078698,2.7582317253531214
212,Clothing,قبعة.ف,cap,-3.306388705695975,2.2899880180706935
213,Clothing,فستان.ف,dress,-2.4915547642665006,2.321738627529356
214,Clothing,طرحة.ف,head.scarf,-4.134232465281394,2.581500862917324
215,Clothing,بلوزة.ف,shirt.1,-3.361781391085733,2.459886780787898
216,Clothing,طاقية.ف,taqiyah,-4.25330890062379,2.590127905637369
217,Clothing,بيجامة.ف,pajamas,-2.5796753466893874,2.3159925987785184
218,Clothing,بنطلون.ف,pants,-2.940708886974436,2.7535150800768156
219,Clothing,غترة.ف,gutrah,-4.082626750030902,1.9183942207836977
220,Clothing,جزمة.ف,shoes,-1.285183835829876,2.3324040165352926
221,Clothing,مريلة.ف,apron,-4.815163237993967,2.1355708017443398
222,Clothing,شماغ.ف,shemagh,-4.067633968824648,2.073537286986545
223,Clothing,جورب.ف,socks,-2.0418819787129086,2.374142987527397
224,Clothing,فلينة.ف,undershirt,-3.932499056131708,2.698047942284985
225,Clothing,مداس.ف,slipper,-3.0960406914617056,2.095436362207099
226,Clothing,عقد.ف,necklace,-3.8557257692590645,2.410871869901017
227,Clothing,صندل.ف,sandal,-3.0293020790853977,1.9007962874303905
228,Clothing,حلق.ف,earings,-3.281827538179515,2.1656693548365658
229,Clothing,اسورة.ف,bracelet,-4.3138242986493305,2.379077896722245
230,Clothing,خاتم.ف,ring,-4.004999587695014,2.7316742821771203
231,Clothing,نظارة.ف,glasses,-2.6840537222004266,2.5042162719946663
232,Clothing,قميص.ف,shirt.2,-4.117767590086724,2.3169385494529426
233,Clothing,حزام.ف,belt,-4.992771754453639,2.8703107076356678
234,Clothing,قفاز.ف,gloves,-4.972514810360801,2.4129174604063857
235,Clothing,طوق.ف,headband,-3.5309417594644823,2.0397558511066074
236,Clothing,كوفلة.ف,swaddle,-5.615282433570155,2.3707234404341717
237,Clothing,سحاب.ف,zipper,-5.146353359326037,2.6716075746304973
238,Clothing,شريطة.ف,ribbon,-5.192912363803672,2.5549233468153383
239,Clothing,بربتوز.ف,baby.bodysuit,-4.4392943828343805,2.0020597217700176
240,Clothing,عقال.ف,igal,-3.8932507919555785,2.105782791920146
241,Clothing,شورت.ف,shorts,-4.586603953720926,2.697794098655787
242,Clothing,حفاضة.ف,diapers,-1.3980040748156515,2.5296416539408804
243,Clothing,ازرار.ف,button,-5.0134206203374685,2.8054193654454265
244,Clothing,سروال.ف,underpants,-2.987302490388405,2.2672628539295436
245,Clothing,جينز.ف,jeans,-4.146356677739037,2.019155079892223
246,Clothing,طربوش.ف,tarboosh,-4.548556711266242,2.028028176416413
247,Clothing,سروال.ت.ف,long.sirwal,-2.9758831149784144,2.4665179219623514
248,Clothing,عباية.ف,abaya,-1.8374948655404195,2.325741847744353
249,Body Parts,عين.ف,eye,-1.5364345600278788,3.5789312553235213
250,Body Parts,وش.ف,face,-4.400449688862438,4.450817855125532
251,Body Parts,حاجب.ف,eyebrow,-4.450741219342867,2.581588702748005
252,Body Parts,فم.ف,mouth,-1.9291700761419834,3.6346246261460182
253,Body Parts,رقبة.ف,neck,-4.5176899414289124,2.9632394074529826
254,Body Parts,ركبة.ف,knee,-3.9663885131744943,2.323464821032168
255,Body Parts,خشم.ف,nose,-2.1509584499297616,3.328640372269153
256,Body Parts,مؤخرة.ف,butt,-2.5701795439173125,1.7296247476785689
257,Body Parts,اذن.ف,ear,-2.5098103601314325,3.466201161200595
258,Body Parts,يد.ف,hand,-1.8149380119860645,3.2210645894380776
259,Body Parts,كوع.ف,elbow,-5.469131816035901,2.397424170513383
260,Body Parts,شعر.ف,hair,-2.032091687033433,3.8575879600376584
261,Body Parts,رجل.ف,leg.1,-2.643932195446353,3.6431122388748594
262,Body Parts,اسنان.ف,teeth,-2.6616613851359063,3.3498881277119166
263,Body Parts,راس.ف,head,-3.00191795059924,3.9858405119679245
264,Body Parts,ظهر.ف,back,-4.720232899733715,3.6610489215673336
265,Body Parts,كعب.ف,heel,-5.106079726602714,2.400706989700582
266,Body Parts,خد.ف,cheeck,-3.8154028633170305,3.1418971611913573
267,Body Parts,لسان.ف,tongue,-3.7001112692050175,3.7434922829110775
268,Body Parts,سرةبطن.ف,belly.button,-5.0064940217258025,2.499016943093622
269,Body Parts,ذقن.ف,chin,-4.9912784851189755,2.789915063902756
270,Body Parts,قدم.ف,foot,-4.375066900179094,2.8183074110152386
271,Body Parts,كف.ف,palm,-4.74498378282176,2.7539600938534714
272,Body Parts,كتف.ف,shoulder,-4.422769383378744,2.2996565292074966
273,Body Parts,شفاه.ف,lips,-4.553184500629336,3.0698308762105806
274,Body Parts,ساق.ف,leg.2,-6.041793651309952,3.0336853328304048
275,Body Parts,فخذ.ف,thigh,-4.916694911265626,2.4400039306316548
276,Body Parts,صدر.ف,chest,-4.812736331769445,3.1509628865191415
277,Body Parts,جبين.ف,forehead,-4.999590862477784,2.6057505532057776
278,Body Parts,ضفر.ف,nail,-4.588533140906207,3.0829477214305734
279,Body Parts,ذراع.ف,arm,-5.057375392338967,2.4353233984218337
280,Body Parts,ابهام.ف,thumb,-5.428250844541986,2.462625693140631
281,Body Parts,ابط.ف,underarm,-4.5315357685979665,2.2133955516387123
282,Body Parts,رموش.ف,eyelashes,-4.628519523207558,2.593648197482192
283,Body Parts,بطن.ف,belly,-2.741354032775735,3.2197956610330696
284,Small Household Items,لحاف.ف,blanket,-2.3511979179624394,3.116086110421742
285,Small Household Items,شوكة.ف,fork,-3.9005430499773213,3.660343205319551
286,Small Household Items,محرمة.ف,towel,-4.147979020802569,4.1320221971932005
287,Small Household Items,سكينة.ف,knife.1,-3.559151112210985,3.8771266613621034
288,Small Household Items,كاميرا.ف,camera,-4.4709190721010925,3.111686538617772
289,Small Household Items,زبالة.ف,trash.can,-2.4844364872803504,3.8452953082172017
290,Small Household Items,كأس.ف,glass.to.drink,-3.7012863048225655,5.169448084473013
291,Small Household Items,ضوء.ف,lamp.light,-2.4025082702214027,3.4079924459970656
292,Small Household Items,مخدة.ف,pillow,-2.953741373609499,4.049840473861389
293,Small Household Items,فرشةسن.ف,tooth.brush,-3.624327924428048,3.414529787974033
294,Small Household Items,معجوسن.ف,toothpaste,-4.398818399146014,3.3053076408198665
295,Small Household Items,مجلة.ف,magazine,-4.502678036339977,2.2677444127438604
296,Small Household Items,شرشف.ف,sheet,-3.890601447898669,2.938149569096157
297,Small Household Items,زرعة.ف,plant,-5.609687095391922,2.9929697079328554
298,Small Household Items,فرشةشعر.ف,hair.brush,-3.6545939947688675,2.8060737829475375
299,Small Household Items,تلفزيون.ف,television,-2.691081163417774,3.7122184008787307
300,Small Household Items,ابرة.ف,needle,-4.397816944889981,3.050144005822887
301,Small Household Items,مشط.ف,comb,-2.7186911727165346,3.1724321773971904
302,Small Household Items,فيديو.ف,video,-4.229067287299523,2.2744844748491233
303,Small Household Items,حقيبة.ف,bag,-3.973211003762277,4.562955642690178
304,Small Household Items,ألبوصور.ف,album,-5.284722613841071,2.6968032463623723
305,Small Household Items,صينية.ف,tray,-4.602308273528742,2.8153578007291666
306,Small Household Items,مكوى.ف,iron,-4.2924048904243515,3.0687409202302898
307,Small Household Items,صابون.ف,soap,-2.639495331764136,3.2452944881135912
308,Small Household Items,هاتف.ف,telephone,-2.1972568064065436,2.6208690792675804
309,Small Household Items,غلاية.ف,kettle,-4.912017651436585,2.2291177165402956
310,Small Household Items,شريط.ف,cassette.tape,-4.963947934287619,2.660532016397527
311,Small Household Items,نقود.ف,money,-2.009099178456595,2.5966000222605587
312,Small Household Items,فوطة.ف,rag,-4.314871593327772,2.3656087920829454
313,Small Household Items,صورة.ف,photo,-4.002902568991944,3.4576116890296134
314,Small Household Items,كبريت.ف,matches,-5.532784827140386,3.0453882557507397
315,Small Household Items,صحن.ف,plate,-3.6450006186382113,4.479449558624448
316,Small Household Items,منديل.ف,tissue,-1.9910698044681634,3.0871425864237527
317,Small Household Items,كوب.ف,mug,-2.5885615185098096,2.5200062818795663
318,Small Household Items,ورقة.ف,paper,-3.905033177259042,3.700502949295308
319,Small Household Items,حلاقة.ف,shaver,-5.587037512079968,2.6118137230492526
320,Small Household Items,فنجان.ف,cup,-3.638969986937654,2.6489425865834844
321,Small Household Items,مفتاح.ف,key,-2.433123883139031,3.5175071311615635
322,Small Household Items,سشوار.ف,hair.dryer,-4.107378128339273,2.760583320250814
323,Small Household Items,لهاية.ف,pacifier.2,-3.8547935983264594,2.5888403551207952
324,Small Household Items,زبدية.ف,bowl,-5.404573537629864,2.908967351384672
325,Small Household Items,ريموت.ف,remote.control,-2.9247675218375866,3.093431715101525
326,Small Household Items,معلقة.ف,spoon,-2.698569284478717,3.6598389594879635
327,Small Household Items,ممسحة.ف,floor.wiper,-4.949058547310111,2.728862294139949
328,Small Household Items,مطرقة.ف,hammer,-5.35069117468472,2.5197429499320374
329,Small Household Items,مقشة.ف,broom,-3.999185579820319,3.0075904371487505
330,Small Household Items,راديو.ف,radio,-5.721728007083242,2.6748808524279304
331,Small Household Items,فانوس.ف,lantern,-5.906730282105222,2.556341053596605
332,Small Household Items,تحفة.ف,decorative.accent,-5.989310499198807,2.7394804337818552
333,Small Household Items,طاوة.ف,frying.pan,-5.405440816540703,2.323478457298072
334,Small Household Items,ساعةح.ف,clock,-4.591326883750394,4.7042644283733
335,Small Household Items,كيس.ف,carry.bag,-3.3269508746695364,3.0593057029563058
336,Small Household Items,قارورة.ف,glass.bottle,-5.445577179683119,3.363175530307475
337,Small Household Items,عطر.ف,perfume,-2.943575721446848,3.1663427549793655
338,Small Household Items,جك.ف,jug,-6.178176632299732,3.079235520933494
339,Small Household Items,قدر.ف,pot,-4.946472684058738,3.2068433035407344
340,Small Household Items,علبة.ف,container,-6.62843180234545,4.25887133621715
341,Small Household Items,صندوتخ.ف,box,-5.769009665069303,2.8658644069929506
342,Small Household Items,لصق.ف,tape,-5.250680960866328,3.4425906229554153
343,Small Household Items,زجاج.ف,glass.material,-5.282290227941475,3.2267270084675106
344,Small Household Items,محفظة.ف,wallet,-4.927191186994675,2.9499798405758573
345,Small Household Items,جوال.ف,phone,-1.1505959952968448,2.600524652874084
346,Small Household Items,روج.ف,lipstick,-3.1738386510118306,3.1591191857587635
347,Small Household Items,ولاعة.ف,lighter,-4.065002273754423,2.5539923218296052
348,Small Household Items,سطل.ف,pail,-4.88760206053818,2.1974509565309766
349,Small Household Items,مرتبة.ف,mattress,-5.968943909412876,3.080475320446052
350,Small Household Items,سيدي.ف,CD,-5.711141752623009,2.5208138252412358
351,Furniture and Rooms,حمام.ف,bathroom,-0.5951323896860391,2.8741420416135077
352,Furniture and Rooms,فرن.ف,stove,-4.646932234200147,3.374618246214116
353,Furniture and Rooms,غسالة.ف,washing.machine,-4.818421812164006,3.6608423734205293
354,Furniture and Rooms,بانيو.ف,bathtub,-3.767864760247235,2.2719824443883123
355,Furniture and Rooms,بوتجاز.ف,cooker,-5.75017438699411,2.925368621654492
356,Furniture and Rooms,كمودينو.ف,side.table,-6.941667777960092,3.2411172811245215
357,Furniture and Rooms,مغسلة.ف,sink,-3.7815256306549867,2.911148868627786
358,Furniture and Rooms,ثلاجة.ف,fridge,-3.2769710443964133,3.396612276911186
359,Furniture and Rooms,مكنسة.ف,vacuum.machine,-3.83883198261078,3.1648862082455396
360,Furniture and Rooms,كرسي.حمام.ف,toilet.seat,-4.002467746851604,2.8312910474754087
361,Furniture and Rooms,دار.ف,room,-4.619977140745301,3.536373774395455
362,Furniture and Rooms,مكيف.ف,air.conditioner,-3.812419003460501,3.742568206520236
363,Furniture and Rooms,غرفة.نوم.ف,bedroom,-4.541253247466094,3.7421848828283153
364,Furniture and Rooms,درج.ف,drawer,-4.331872225064627,3.2939336472143914
365,Furniture and Rooms,مروحة.ف,fan,-5.115985564612888,3.509998670214443
366,Furniture and Rooms,سرير.ف,bed,-2.996037609700447,3.8087875784212466
367,Furniture and Rooms,دش.ف,shower,-5.278056118250882,2.923599496178771
368,Furniture and Rooms,مراية.ف,mirror,-5.065212070843037,4.141601024844616
369,Furniture and Rooms,تسريحة.ف,vanity.table,-5.312547656836974,3.080360247489704
370,Furniture and Rooms,كرسي.ف,chair,-3.8251534467258503,3.885188882893043
371,Furniture and Rooms,كمبيوتر.ف,computer,-3.8712248042277415,2.8905795741442164
372,Furniture and Rooms,دفاية.ف,heater,-6.372283282330544,3.059732420892224
373,Furniture and Rooms,نجفة.ف,chandeliers,-7.083295248892779,3.449649474004509
374,Furniture and Rooms,سطوح.ف,rooftop,-4.320734788740457,2.5992792384049537
375,Furniture and Rooms,معيشة.ف,living.room,-4.460275974728124,2.6770493539649
376,Furniture and Rooms,سفرة.ف,dining.room,-5.425711403802292,2.923015400348476
377,Furniture and Rooms,طربيزة.ف,table,-4.428254459698211,3.2989312853462915
378,Furniture and Rooms,دولاب.ف,closet,-3.5559898441373203,2.7553756544944292
379,Furniture and Rooms,باب.ف,door,-1.1474810713843038,2.5692483599433067
380,Furniture and Rooms,قصرية.ف,potty,-6.473175799108556,2.8320968312102313
381,Furniture and Rooms,طاقة.ف,window,-3.787630596680433,3.2730789798965754
382,Furniture and Rooms,صالون.ف,salon,-5.2433228547537984,2.8506111575246806
383,Furniture and Rooms,هزاز.ف,rocking.chair,-7.131691808171735,3.4987233859402243
384,Furniture and Rooms,مطبخ.ف,kitchen,-3.5226113375403347,4.0081079238273665
385,Furniture and Rooms,كنبة.ف,coach,-4.961525992083495,3.8052121228444036
386,Furniture and Rooms,سلالم.ف,stairs,-4.645736481702283,3.4741974904309583
387,Furniture and Rooms,قبو.ف,basement,-7.797149182202526,3.2947010292765855
388,Furniture and Rooms,نشافة.ف,dryer,-5.729083131238857,2.642728242292618
389,Furniture and Rooms,كراج.ف,garage,-9.056999727710341,4.1246124390613454
390,Furniture and Rooms,هندول.ف,crib,-4.700724353253656,2.2354465768490064
391,Furniture and Rooms,بلكونة.ف,balcony,-4.822346418936412,2.362128236278616
392,Furniture and Rooms,سكين.ف,knife.2,-3.096458856900401,3.0538494758283923
393,Furniture and Rooms,نقالة.ف,stretcher,-8.836109374976719,4.038595869256646
394,Furniture and Rooms,سسفرة.ف,plastic.sheets,-3.8656456310001355,2.7685770212636
395,Furniture and Rooms,ابجورة.ف,lamp,-5.764602229729405,2.88100225290476
396,Furniture and Rooms,غرفةلعب.ف,playroom,-4.590985126880443,3.0377865351305617
397,Furniture and Rooms,طاولةطعام.ف,dining.table,-5.188573998881817,2.927618625237711
398,Furniture and Rooms,كرسيطفل.ف,high.chair,-5.363159626636877,3.4414459865071847
399,Furniture and Rooms,بلاعة.ف,drain,-5.643708059162692,2.7174839170901777
400,Furniture and Rooms,سجادة.ف,mat,-3.686373816434264,2.720766396322233
401,Furniture and Rooms,مكتبة.ف,library,-4.976276528264564,2.71627274336232
402,Furniture and Rooms,ستارة.ف,curtains,-4.773970182752091,3.3490444258967695
403,Furniture and Rooms,سقف.ف,roof,-5.763067789319958,2.79040034249007
404,Outside Things,حوش.ف,backyard,-2.6392499696049936,2.073120110285073
405,Outside Things,وردة.ف,flower,-3.055721886562305,2.9911623863807217
406,Outside Things,حشيش.ف,grass,-4.9877412127342176,2.177117754253538
407,Outside Things,حديقة.ف,zoo,-4.277419775798749,2.594557650512621
408,Outside Things,شجرة.ف,tree,-4.359761452376978,3.7792954132596335
409,Outside Things,سلم.ف,ladder,-5.075690726621133,2.80086783970143
410,Outside Things,بحر.ف,sea,-2.716988882017722,2.983822952580945
411,Outside Things,نخلة.ف,palm.tree,-4.920388105411694,2.7715148631367343
412,Outside Things,شمس.ف,sun,-3.784538049559167,3.451197210226188
413,Outside Things,مسبح.ف,swimming.pool,-3.2093769178768152,2.5421314176840997
414,Outside Things,نجمة.ف,star,-4.58491864526224,2.5770394696021226
415,Outside Things,مرجيحة.ف,swing.noun,-3.3070274816546017,2.7967331787177825
416,Outside Things,مطر.ف,rain,-3.7844036879250313,3.4175063800791072
417,Outside Things,عصاية.ف,stick,-3.787781366022003,2.887369776166222
418,Outside Things,زحليقة.ف,slide.noun,-3.3056272498024604,2.7230830328228133
419,Outside Things,سما.ف,sky,-4.103065713582629,2.641666462227032
420,Outside Things,حجر.ف,stone,-4.5102079272315505,3.0190825112812263
421,Outside Things,مسجد.ف,mosque,-3.7815037065935004,3.2187705414706023
422,Outside Things,بيت.ف,house,-2.3354109448882463,3.0379250479060933
423,Outside Things,عمارة.ف,building,-4.447699260262055,2.2735564593236686
424,Outside Things,حضانة.ف,nursery,-4.6292649685358,2.2945312605746255
425,Outside Things,مدرسة.ف,school,-4.04321452473646,3.0477660755961997
426,Outside Things,روضة.ف,preschool,-4.972097245762537,2.587274861050603
427,Outside Things,دكان.ف,grocery,-2.8956783586196684,3.2782655735915474
428,Outside Things,خيمة.ف,tent,-4.89512369384609,2.488532321796748
429,Outside Things,ميدان.ف,roundabout,-5.865530269822662,2.513312335919167
430,Outside Things,الحديقة.ف,garden,-4.966855709917135,2.8994112027456262
431,Outside Things,شغل.ف,work.noun,-4.116181720877528,2.7679854343119352
432,Outside Things,سحاب.سما.ف,clouds,-5.707973110833811,2.6847755603333305
433,Outside Things,جدار.ف,wall,-4.984067289871277,3.269246249966234
434,Outside Things,رصيف.ف,sidewalk,-6.18174798310292,2.889968284220277
435,Outside Things,ريح.ف,winds,-5.797259068300916,2.6832017908549965
436,Outside Things,رمل.ف,sand,-4.209112980998737,3.360053623805292
437,Outside Things,قمر.ف,moon,-4.073449762771248,2.8785439275669757
438,Outside Things,طريق.ف,road,-4.702439147808523,3.1274505094962906
439,Outside Things,جاروف.ف,shovel,-5.331349959042221,2.6096700653223754
440,Outside Things,علم.ف,flag,-5.3080478354686695,2.6952893964067206
441,Outside Things,خرطوم.ف,hose,-6.071974820547799,2.7290699439563877
442,Outside Things,طين.ف,clay,-5.496686462374788,2.6965524928322586
443,Outside Things,اشارة.مرور.ف,traffic.sign,-6.240758760638073,3.1930120244680036
444,Outside Things,مطعم.ف,restaurant,-4.268254863726417,2.7617858855527198
445,Outside Things,قلعة.ف,castle,-6.508654879692414,2.935753495181867
446,Outside Things,جبل.ف,mountain,-4.586892024153472,2.593365805108998
447,Outside Things,ملاهي.ف,theme.park,-3.5751792626269983,3.311528501338003
448,Outside Things,سوق.ف,mall,-4.09746837827932,3.2709369467980154
449,Outside Things,فندق.ف,hotel,-8.608246446663124,3.9472379105530435
450,People,ماما.ف,mama,1.4753185351748257,1.2394015580998206
451,People,حرمة.ف,woman,-3.76997190025401,2.856030668582453
452,People,خالة.ف,aunt.maternal,-2.283231021575226,2.6116102103841494
453,People,بابا.ف,papa,1.3082380542566834,1.0779876201073868
454,People,رجال.ف,man,-3.349901054871092,3.327839380042557
455,People,جد.ف,grandfather,-0.32305317254386495,1.5632033754216204
456,People,شغالة.ف,domestic.worker,-1.17526888341605,1.2489557534940448
457,People,جدة.ف,grandmother,0.051168713443097535,1.2692593956153113
458,People,نونو.ف,baby,0.49400793642982355,1.7452996264708494
459,People,شرطة.ف,police,-4.367953425281401,3.1027154010286777
460,People,اخت.ف,sister,-2.909184703726369,1.9920210474893976
461,People,ولد.ف,boy,-2.570405250793435,2.9942956076136293
462,People,ناس.ف,people,-4.048726053931109,2.93140671013045
463,People,اخ.ف,brother,-4.473949951264232,3.161716753166009
464,People,بنت.ف,girl,-2.6527250934138777,3.1204395045657165
465,People,عم.ف,uncle.paternal,-2.3074313431240916,2.318607612085999
466,People,طبيب.ف,doctor,-4.372008502898371,3.685288823830604
467,People,معلمة.ف,teacher.female.1,-4.894307113396767,2.7218374257108215
468,People,عمة.ف,aunt.paternal,-1.9422470192906796,2.107016399596832
469,People,اسم.طفل.ف,baby.own.name,-1.3721127578141794,1.9472377493372526
470,People,اطفال.ف,children,-3.873304882297133,2.8335893266550887
471,People,خال.ف,uncle.maternal,-2.6245872647469324,2.3943567540878825
472,People,سائق.ف,driver,-4.099996509500238,2.1658614732620864
473,People,مهرج.ف,clown,-6.380832310703679,2.985440271179028
474,People,رجل.مطافي.ف,firefighters,-5.316813840841348,2.2891857595958442
475,People,صديق.ف,friend,-6.16345434407406,3.2204533956583172
476,People,حلاق.ف,barber,-5.455175023964954,3.1974886141929755
477,People,ممرضة.ف,nurse,-4.605521488204342,2.142066343672358
478,People,شخص.ف,person,-6.094296216520571,2.9154388737096673
479,People,حارس.ف,guard,-5.936534132581124,3.0238263432968995
480,People,استاد.ف,teacher.male,-4.894519764418246,2.1361488297732367
481,People,ابلة.ف,teacher.female.2,-4.939561559155428,2.927262925536871
482,Games and Routines,الصلاة.ف,prayer,-1.1801324522910939,2.22385098309523
483,Games and Routines,تصبح.ف,good.night,-3.230855588055363,2.401770844262541
484,Games and Routines,بوسة.ف,kiss.noun,-0.7425320031657187,2.2656367315523736
485,Games and Routines,الاذان.ف,call.for.prayer,-2.045364940822627,1.849688710342668
486,Games and Routines,لا.تسوي.ف,do.not.do,-2.6202767651374512,2.7669360288814615
487,Games and Routines,غدا.ف,lunch,-3.199534517167115,3.0758566341944342
488,Games and Routines,ياللا.ف,lets.go,-0.4794731606795005,1.8835901407693083
489,Games and Routines,طير.الحمامة.ف,finger.game.1,-3.2255986655237603,1.7744392998948368
490,Games and Routines,الحمد.لله.ف,thank.god,-2.4087978505071623,2.7958438699678854
491,Games and Routines,نروح.السوق.ف,we.go.shopping,-3.2426543862238004,2.9830172220578888
492,Games and Routines,عاقل.ف,finger.game.2,-4.012115379068076,2.2502449280019294
493,Games and Routines,عشا.ف,dinner,-3.442438150392997,3.2005952027912223
494,Games and Routines,كفك.ف,give.me.five,-2.382719889706199,1.7983922628583686
495,Games and Routines,العنكبوت.نونو.ف,incy.wincy.spider,-3.9215811143088906,1.8995604421488677
496,Games and Routines,صفقة.ف,clap.noun,-2.1925085084736824,2.030102755208508
497,Games and Routines,سامسك.بك.ف,gonna.get.you,-3.246338221261379,2.762931906457466
498,Games and Routines,نام.ف,nap,-2.3146190478687423,1.9005285422665756
499,Games and Routines,اهلا.ف,hi,-2.6746851900295114,2.0243607857365147
500,Games and Routines,اروح.الحمام.ف,go.potty,-2.0043564712711035,2.968090358336885
501,Games and Routines,شكرا.ف,thank.you,-2.2777880908026598,2.815547523270603
502,Games and Routines,مرحبا.ف,marhaba,-4.079960137545759,2.4679796627781245
503,Games and Routines,كيك.قوالب.ف,patty.cake,-4.139087851856329,2.1253373052760787
504,Games and Routines,عفوا.ف,welcome,-2.9363416845843457,2.5202850016418563
505,Games and Routines,استني.ف,wait.imperative,-3.38989525995776,3.2077290634089706
506,Games and Routines,ياللنوم.ف,time.to.sleep,-1.3820939923856332,2.7839111207983533
507,Games and Routines,دوران.ف,turn.around,-4.01127492545188,2.496541148775727
508,Games and Routines,كبيرة.مرة.ف,so.big,-3.946553287276307,3.1592117759123055
509,Games and Routines,بسم.الله.ف,in.the.name.of.allah,-2.10356898158887,3.147067536788505
510,Games and Routines,واء.ف,peekaboo,-2.724683499463555,1.4194090207637573
511,Games and Routines,الو.ف,hello.on.phone,-0.7627581118202044,1.492395177722347
512,Games and Routines,ترويش.ف,taking.shower,-1.3580866661053588,2.781772815448962
513,Games and Routines,اعطيني.ف,give.me,-0.6016008980574087,1.9264011118858353
514,Games and Routines,صلى.الله.ف,peace.be.upon.him,-4.698863124149763,2.356701071749074
515,Games and Routines,جول.ف,goal,-2.383189069050597,1.9052379597983227
516,Games and Routines,الله.اكبر.ف,allah.is.the.greatest,-1.4996002421666395,1.914029450783151
517,Games and Routines,اهدأ.ف,calm.down,-5.678108390570064,3.1774413058143334
518,Games and Routines,ممكن.ف,please,-3.804018085125313,3.0075666328784068
519,Games and Routines,باي.باي.ف,bye.bye,0.13194848566875425,1.827421947784978
520,Games and Routines,زغروطة.ف,ululation,-2.6186683014191448,1.3227318243984056
521,Games and Routines,ايوا.ف,yes,-1.0776818690475214,2.1944170032087196
522,Games and Routines,فطور.ف,breakfast,-3.8253760798855465,2.8779699141215405
523,Games and Routines,غميضة.ف,hide.and.seek,-3.13307111695725,2.1174420706800743
524,Games and Routines,دوها.يا.دوها.ف,a.lullaby,-2.2736062727287814,1.5675204911946532
525,Games and Routines,يتصل.ف,call.on.phone.1,-2.7240338476106007,2.213548203571391
526,Games and Routines,لا.ف,no,-0.5471593199380796,1.7960899143270557
527,Games and Routines,العصايا.ف,a.game?,-3.9779846295949572,2.839129374124383
528,Games and Routines,تبغى.ف,want.1,-2.517338973304307,2.4491334083755785
529,Games and Routines,عطسة.ف,sneeze.noun,-2.780588251699963,2.0473170426783014
530,Games and Routines,البارحة.ف,last.night,-6.039604129150512,3.3267225449127666
531,Action words,ينام.ف,sleep,-0.838654279892309,2.2814262615803056
532,Action words,يعطي.ف,give,-1.3409841911498859,2.0549105784449626
533,Action words,ينظف.ف,clean.verb,-3.420509167671581,2.839502858814967
534,Action words,يريد.ف,want.2,-1.5500947827348923,2.245644123717215
535,Action words,يتخبط.ف,get.hit,-3.4408341912692326,2.561585971459556
536,Action words,يمسح.ف,wipe,-3.305061010955327,2.973835969416213
537,Action words,يعض.ف,bite,-3.001180632391412,2.561857944828853
538,Action words,يشتري.ف,buy,-5.171399444681833,3.7870810385844207
539,Action words,يرمي.ف,throw.1,-2.910996921218973,2.705320576894827
540,Action words,يجيب.ف,bring,-2.6750444064553025,2.882481791804115
541,Action words,يقص.ف,cut.1,-4.515834441511948,3.0862275097308927
542,Action words,يوقظ.ف,wakeup,-3.489925751484876,2.8504448098351896
543,Action words,يبوس.ف,kiss.verb,-1.8877071403441321,2.6703985924608618
544,Action words,يجري.ف,run,-3.3550248696799043,3.169282765741308
545,Action words,يقفز.ف,jump,-3.6151771744779344,3.1603339900240437
546,Action words,يعجب.ف,like,-5.08346630799889,3.1796913093987755
547,Action words,يصفق.ف,clap.verb,-2.5215692535504632,2.6439223989531837
548,Action words,يغسل.ف,wash,-3.1129117308055188,3.2198614597029303
549,Action words,يلعب.ف,play,-2.476323340747782,3.3764186982851925
550,Action words,يشتغل.ف,work.verb,-4.288223061316496,2.763226899419387
551,Action words,يصب.ف,pour,-3.986486761118517,3.1501170140960855
552,Action words,ينشف.ف,dry.verb,-3.769276180856951,2.654252704672324
553,Action words,يحضن.ف,hug,-2.6381622796176942,2.2888939712982075
554,Action words,يأكل.ف,eat,-1.6275146843063264,2.812034850502064
555,Action words,يقيس.ف,measure,-5.087763181394871,2.568331002047869
556,Action words,يغني.ف,sing,-2.7895212937573843,2.4294037860825597
557,Action words,يتكلم.ف,speak,-3.650197872470669,3.580300011045918
558,Action words,يسمع.ف,hear,-4.793550705182712,3.962861555747776
559,Action words,يكنس.ف,sweep,-3.6013997404014617,2.9915520205036708
560,Action words,يقول.ف,say,-3.898860495786283,3.5542838174440026
561,Action words,يرقص.ف,dance,-3.0604558563969384,3.124776700215342
562,Action words,يسكب.ف,spill,-3.650026111452906,3.148839682835557
563,Action words,يستطيع.ف,can,-4.875304655038797,3.2825413400417545
564,Action words,يحضر.ف,come.present,-4.6211869769083425,3.588986722479304
565,Action words,يرج.ف,shake,-5.485161538687889,3.013478194104659
566,Action words,يختار.ف,choose,-4.920409955057575,3.121416457883894
567,Action words,يشارك.ف,share,-5.25514454863162,3.0399806074468185
568,Action words,يدهن.ف,spread,-4.583680034706506,2.4869766858303866
569,Action words,يكتب.ف,write,-3.561993971866682,3.2001905704653857
570,Action words,يلعق.ف,lick,-5.063690244464375,3.5720482107858484
571,Action words,يتزحلق.ف,slide.verb,-4.536330392108167,3.2469790076130143
572,Action words,يقرأ.ف,read,-4.300780743981267,2.9378781203345494
573,Action words,يرسم.ف,draw,-4.116231520040268,3.224552128278071
574,Action words,يدفع.ف,push,-5.424698917757077,3.9442228854796424
575,Action words,يعيد.ف,return,-4.035513721230699,2.418982465035427
576,Action words,يسوق.ف,drive,-4.424378915877748,3.0881557176697645
577,Action words,يطبخ.ف,cook,-5.136015781903564,3.4567015658226117
578,Action words,يجري.وراءه.ف,chase,-4.152534482626083,3.1316686391980677
579,Action words,يستخبي.ف,hide,-4.036991050178316,2.8763236197674296
580,Action words,يغطي.ف,cover,-4.51904265209074,3.412475401194667
581,Action words,يكره.ف,hate,-4.304360176676433,3.0326379721340877
582,Action words,يدغدغ.ف,tickle,-3.7123969462924573,2.5482966584433226
583,Action words,يطرطش.ف,splash,-4.958989869216488,2.641407195898268
584,Action words,ليس.حقيقي.ف,pretend,-4.708261368575075,2.332530580692944
585,Action words,يفرش.ف,brush,-4.389333375681852,3.428439714668906
586,Action words,يقفل.ف,close,-3.4097458127823628,2.7704581936586945
587,Action words,يجد.ف,find,-4.342002395107925,2.77692791991133
588,Action words,يتذوق.ف,taste,-4.935594173885799,3.5350528054469224
589,Action words,يسحب.ف,pull,-5.264178622997585,3.5581486605682593
590,Action words,يطرق.ف,knock,-3.975344285904449,3.186713462457441
591,Action words,يسب.ف,curse,-4.3358711273359,2.5819839371349493
592,Action words,يلون.ف,color,-4.068595150942696,3.117401226630848
593,Action words,يضرب.ف,hit,-2.9940399494442365,2.8136353933994176
594,Action words,يمتلك.ف,own,-3.318736473798914,2.838165948424815
595,Action words,يلبس.ف,wear,-2.506292717299802,2.795196181959777
596,Action words,يتفرج.ف,watch.verb,-4.197219035793688,3.2838679651701956
597,Action words,يفكر.ف,think,-5.831445626415428,3.424129266582331
598,Action words,يقشر.ف,peel,-6.803503658957816,3.7988996578339487
599,Action words,يداعب.ف,play.with,-5.269644225164362,3.4746545809589877
600,Action words,يصنع.ف,make,-4.898947649071092,3.2683604528965695
601,Action words,يطير.ف,fly,-5.143809980010337,3.1584317400365824
602,Action words,ياخذ.ف,take,-5.110040054796085,4.049162876595166
603,Action words,يصليي.ف,pray,-2.2386002875481883,2.8283028573662765
604,Action words,يعطس.ف,sneeze,-5.117019195656553,3.39022450107503
605,Action words,ينزل.ف,go.down.1,-4.835455802216889,3.983773619234615
606,Action words,يطل.ف,look.1,-4.405109663157436,2.503925753387364
607,Action words,يدخل.ف,enter,-3.5802399187854377,2.8075690285206254
608,Action words,ينادي.ف,call,-3.2172485882439767,2.4819907440370144
609,Action words,يتصصل.ف,call.on.phone.2,-3.5853267103684323,2.797964759268011
610,Action words,ينجرح.ف,get.hurt,-4.012383934507801,3.2220761439890535
611,Action words,يسبح.ف,swim,-3.9812857736055736,2.8127243995615085
612,Action words,يساعد.ف,help,-5.5671089263666556,3.741401433150042
613,Action words,يطيح.ف,fall.down.1,-2.7128504297003797,2.385329162915361
614,Action words,يتساقط.ف,fall.or.scatter,-4.871282806739458,2.4725888753664536
615,Action words,يحك.ف,scratch,-6.027882499809995,4.239342327194523
616,Action words,يحب.ف,love,-4.553738772942768,3.648482550605582
617,Action words,ينتبه.ف,be.alert,-5.743324245565626,3.634926924901599
618,Action words,يحصل.ف,get,-5.237074108177935,2.8299857412468223
619,Action words,يسقع.ف,crash.by,-5.533454156275101,3.131601819631297
620,Action words,يوكل.ف,feed,-2.8690836125562877,3.0912908281958873
621,Action words,يفتح.ف,open,-3.131246317162275,2.8761736194809413
622,Action words,يعرف.ف,know,-5.4174512101973304,3.6973346380263576
623,Action words,يذاكر.ف,study,-5.276441102576444,2.922496465170119
624,Action words,يوقف.ف,stop.present,-5.242239077152385,3.9025967855299517
625,Action words,يرش.ف,spray,-5.179249708611151,4.0165063980390885
626,Action words,يكبس.ف,press,-4.972043392879583,2.6030152322735916
627,Action words,يسلم.ف,say.hi,-3.721868087955729,2.9289792011714737
628,Action words,يضحك.ف,laugh,-3.5009356706802803,3.1993733053769033
629,Action words,ينتظر.ف,wait.present,-3.7340981540512046,2.881257386356074
630,Action words,يكون.ف,be,-6.112434792449503,3.3184133675783105
631,Action words,ينوم.ف,put.to.sleep,-4.054647093025929,3.089045020778571
632,Action words,يقول.اا.ف,say.aaaa,-2.893949968597626,2.340803479895328
633,Action words,يقطع.ف,cut.2,-5.174484687400705,3.400823632653672
634,Action words,يبتسم.ف,smile,-3.8208853455897795,2.643505642361987
635,Action words,يمرجح.ف,swing.causative.verb,-4.190076625484373,2.6405727233264575
636,Action words,نزل.ف,go.down.2,-3.6570767326289664,3.1876822447486886
637,Action words,هات.ف,give.or.bring,-1.651881143790615,2.183307779368857
638,Action words,يضع.ف,put,-4.23389093923373,3.1421487282298215
639,Action words,يجلس.ف,sit.down,-2.9045861938177193,3.0852943767766243
640,Action words,يمسك.ف,hold,-4.346539828046773,3.855918500207981
641,Action words,يشوت.ف,kick,-3.7810552441,2.75009630824143
642,Action words,ركب.ف,ride,-4.3507331423883695,3.578151683445206
643,Action words,يفركش.ف,cancel,-5.4160181091453055,2.490433004792962
644,Action words,يخلص.ف,finish,-3.149968487966346,2.482654901967004
645,Action words,يبكي.ف,cry,-3.2965789083405266,3.6341860634351777
646,Action words,يسقط.ف,fall.down.2,-3.8308880925690456,3.23630526022128
647,Action words,يشرب.ف,drink,-3.224219100866536,3.618968297450538
648,Action words,يشم.ف,smell,-4.6334882950816505,3.652273925592699
649,Action words,ينفخ.ف,blow,-3.8151252050513955,2.70920875762654
650,Action words,يصلح.ف,fix,-5.117197910641545,3.20503831686921
651,Action words,وقف.ف,stop.past,-4.647520516233429,3.612823016279581
652,Action words,ينظر.ف,look.2,-4.474576825843013,3.83874231227842
653,Action words,يسرع.ف,hurry,-4.849399196311447,3.9968770968343783
654,Action words,يتمرجح.ف,swing,-4.797990443365796,3.3025289385128347
655,Action words,يحمل.ف,carry,-3.4134946027384867,2.6743421207816227
656,Action words,يقح.ف,cough.verb,-3.919580670715208,3.086836407104955
657,Action words,يمخط.ف,blow.nose,-3.7176074304675097,2.1265954178724358
658,Action words,يبسق.ف,spit,-3.943107748018365,2.7215319634005355
659,Action words,لدي.ف,i.have,-3.7923247662467388,3.1192396223322034
660,Action words,تعال.ف,come.imperative,-1.574977115820596,2.44467523968786
661,Descriptive Words,حلو.ف,nice,-1.6843968382711687,2.9592126658797615
662,Descriptive Words,مبلول.ف,wet,-4.4336932434314,3.033629719457457
663,Descriptive Words,اصفر.ف,yellow,-3.617016931456294,2.2652964520147463
664,Descriptive Words,نايم.ف,asleep,-1.363218230580505,2.816421438279105
665,Descriptive Words,ناشف.ف,dry.adj,-6.320073375473082,3.8570341767628937
666,Descriptive Words,برتقالي.ف,orange.color,-4.106218091315003,2.4050727719181824
667,Descriptive Words,ذوق.ف,having.good.taste,-4.302987951869285,2.300071418012204
668,Descriptive Words,ثقيل.ف,heavy,-5.235008587930535,3.3959584666364098
669,Descriptive Words,ازرق.ف,blue,-3.1283673487491925,1.7987827568911616
670,Descriptive Words,كبير.ف,big,-3.8376188112632335,3.8068497464056414
671,Descriptive Words,خفيف.ف,light,-5.603809404811241,3.2143278119178986
672,Descriptive Words,زهري.ف,pink,-3.997295866499201,2.225355390647059
673,Descriptive Words,سريع.ف,fast,-4.8697397258749975,3.344568281990273
674,Descriptive Words,طويل.ف,long,-5.807165370148578,3.5526682682365762
675,Descriptive Words,نحيف.ف,thin,-5.088756649011278,2.601221626430816
676,Descriptive Words,بطيء.ف,slow,-4.908553451679249,2.9204236537349892
677,Descriptive Words,قصير.ف,short,-4.70506460280978,2.6639514216207147
678,Descriptive Words,قليل.ف,little,-3.7960533193103267,2.984825772247374
679,Descriptive Words,فاضي.ف,empty,-3.2708468193191886,2.5074698353604363
680,Descriptive Words,منتبه.ف,alert,-5.2239556985417055,2.8375029225070088
681,Descriptive Words,اخير.ف,final.last,-6.369503474378363,3.0186484618837923
682,Descriptive Words,صغير.ف,small,-4.42784230640937,3.2985630098854504
683,Descriptive Words,تاني.ف,second,-4.770830492252822,2.9279428462892976
684,Descriptive Words,مصلح.ف,fixed,-7.2596531299565425,3.7229904225147936
685,Descriptive Words,ناعم.ل,soft.smooth,-5.363101845245401,2.663538856387222
686,Descriptive Words,زعلان.ف,sad,-3.48027014873465,3.209326453598729
687,Descriptive Words,وسخ.ف,dirty,-3.069078370567291,2.8676762659756605
688,Descriptive Words,مو.زين.ف,ugly,-2.964349003753423,2.57822095426949
689,Descriptive Words,حار.ف,hot,-1.4643300419356768,2.3425799795527738
690,Descriptive Words,ابيض.ف,white,-5.342794773905143,3.4784891879232718
691,Descriptive Words,نعسان.ف,sleepy,-4.443913270090344,2.5764850401123973
692,Descriptive Words,نظيف.ف,clean.adj,-3.8798986641454456,3.236994048202744
693,Descriptive Words,احمر.ف,red,-4.3371332003609995,2.9379014412960522
694,Descriptive Words,سمين.ف,fat,-3.628102724744868,2.2877415757898274
695,Descriptive Words,فاتح.ف,light.in.color,-5.775882606555229,2.9236958672183118
696,Descriptive Words,اخضر.ف,green,-4.692816376731629,2.8380887646260744
697,Descriptive Words,غامق.ف,dark.in.color,-6.27678117292529,2.7235712670391656
698,Descriptive Words,بارد.ف,cold,-3.7626314988071554,3.461760591026692
699,Descriptive Words,فرحان.ف,happy,-5.393263346762575,3.342210258383919
700,Descriptive Words,مليان.ف,full,-5.615956340790984,3.398339898611122
701,Descriptive Words,قاسي.ف,hard,-4.776228774063228,2.347133960063157
702,Descriptive Words,مشاغب.ف,naughty.1,-7.185543903775467,4.148373225948042
703,Descriptive Words,سيء.ف,bad,-5.883622295384515,2.900203765956181
704,Descriptive Words,خائف.ف,afraid,-5.6605123498648,4.160356088134161
705,Descriptive Words,مريض.ف,sick,-6.434013668405803,4.139072446562815
706,Descriptive Words,يخ.ف,yuck.1,-1.727262238486908,1.837525688231231
707,Descriptive Words,منتهي.ف,expired,-5.89073536214892,2.8862877677434233
708,Descriptive Words,كبيرسن.ف,old.in.age.1,-6.00007369300216,2.896930620787045
709,Descriptive Words,يع.ف,yuck.2,-1.034379268620837,1.856478861021588
710,Descriptive Words,بردان.ف,feeling.cold,-4.2855670427784185,3.140856127818073
711,Descriptive Words,عجوز.ف,old.in.age.2,-5.86756878345998,3.4308474754448235
712,Descriptive Words,مزعج.ف,noisy,-4.40764997810659,2.375659086364293
713,Descriptive Words,قديم.ف,old,-6.2154406012260095,3.2904828976081184
714,Descriptive Words,فقير.ف,poor,-6.516712146422373,2.898385974781913
715,Descriptive Words,احسن.ف,better,-4.071924676681643,2.7597307979110064
716,Descriptive Words,بني.ف,brown,-5.027862119202219,2.5609876363987656
717,Descriptive Words,لذيذة.ف,yummy,-3.8624361613940996,2.623409165112109
718,Descriptive Words,عالي.ف,high,-4.8011503165908715,2.9038224321254935
719,Descriptive Words,جائع.ف,hungry,-3.2063202090522074,2.8231929906028173
720,Descriptive Words,اتعور.ف,got.hurt,-3.5382893808611957,2.570189512230348
721,Descriptive Words,عالي.صوت.ف,loud,-4.8355691358358985,3.168976216830807
722,Descriptive Words,مجنون.ف,crazy,-5.2606034269442565,2.7471216098060256
723,Descriptive Words,جديد.ف,new,-4.88954045444901,3.1625306640639703
724,Descriptive Words,هدوء.ف,quietness,-4.557033185015221,2.5123797248874813
725,Descriptive Words,دبق.ف,sticky,-6.756669930900685,3.4259313604509054
726,Descriptive Words,طري.ف,soft.not.firm,-6.197089539991712,3.014568367429346
727,Descriptive Words,كثير.ف,a.lot.1,-2.5607360434455306,2.151177408924918
728,Descriptive Words,ملون.ف,colorful,-6.813053605281862,3.4798115528462468
729,Descriptive Words,متعب.ف,tired,-4.62118521613409,2.952743988872077
730,Descriptive Words,شاطر.ف,good.boy.good.girl,-2.729417229387338,2.430961288856359
731,Descriptive Words,صعب.ف,difficult,-5.628586983173444,2.901103121450548
732,Descriptive Words,حران.ف,feeling.hot,-5.11450204162939,3.303461187875748
733,Descriptive Words,كويس.ف,good,-6.363637902755783,3.8478219064542185
734,Descriptive Words,مكسور.ف,broken,-3.67975506225138,2.7431992629234028
735,Descriptive Words,عيب.ف,brings.shame,-2.28190552094789,2.7379248533117133
736,Descriptive Words,طيب.ف,kind,-3.536073846973286,2.7505719973613743
737,Descriptive Words,كلهم.راحو.ف,they.all.left,-4.1340017495163615,3.2571322919344325
738,Descriptive Words,مؤدب.ف,well.behaved,-5.451577164304486,3.4904536325907976
739,Descriptive Words,ظلام.ف,dark,-5.666909089397024,3.615192477987324
740,Descriptive Words,فهيقة.ف,hiccup,-5.0570194549874365,2.3202342519410366
741,Descriptive Words,كحة.ف,cough.noun,-4.241019288883387,2.932827811374097
742,Descriptive Words,عطس.ف,sneeze.noun.2,-5.208461636589702,3.0895838357032868
743,Descriptive Words,تفلان.ف,saliva,-4.279873330436219,2.2408478983415834
744,Descriptive Words,مخطان.ف,mucus,-4.883611309809886,2.5276373844661557
745,Words About Time,يوم.ف,day,-5.016819327705564,2.8237022057940884
746,Words About Time,ليل.ف,night,-5.770474505173917,3.5996042014901826
747,Words About Time,بكرةة.ف,tomorrow.2,-5.5740744852875235,3.60041878552906
748,Words About Time,بعدين.ف,later,-4.387074989222877,2.679727476119745
749,Words About Time,الصباح.ف,morning,-5.039840011186553,3.246025063224575
750,Words About Time,الليلة.ف,tonight,-5.0164507975026,2.2283800526175606
751,Words About Time,اليوم.ف,today,-5.028931275730584,3.0409150133039295
752,Words About Time,قبل.ف,before,-5.683702276551038,2.5421274886454444
753,Words About Time,بعد.ف,after,-5.737968447575877,2.9176990050319476
754,Words About Time,الوقت.ف,time,-6.6427376043800175,2.9466930078796607
755,Words About Time,امس.ف,yesterday,-6.084362281582966,2.890557932666986
756,Words About Time,الحين.ف,now,-4.163279025118358,2.926553644782953
757,Question Words,كيف.ف,how,-4.284792682653652,2.5428066418743174
758,Question Words,مين.ف,who,-0.995189877259433,1.548003368137223
759,Question Words,متى.ف,when,-5.119045862947159,2.79854992629077
760,Question Words,ماذا.ف,what,-2.121967672566886,1.9691525145561308
761,Question Words,اين.ف,where,-1.8854702869716855,2.2135833094375226
762,Question Words,لماذا.ف,why,-2.2006018830398126,1.9640104561595986
763,Pronouns ,هو.ف,he,-3.72422787256733,2.4359327218112985
764,Pronouns ,لك.ف,yours,-2.8947986410451754,2.149584761201039
765,Pronouns ,هي.ف,she,-3.7605435105182967,2.3724704999767714
766,Pronouns ,هذا.ف,this.masculine,-3.0486793774839165,2.3284434784928063
767,Pronouns ,انا.ف,i,-1.1595506205241861,1.9961349213984605
768,Pronouns ,ذالك.ف,that.masculine.1,-5.046770228992912,2.6693002516726665
769,Pronouns ,لي.ف,mine,-1.3610496241529133,2.0077791043212394
770,Pronouns ,هم.ف,they,-5.110211003328153,2.4854926420085044
771,Pronouns ,لها.ف,hers,-4.037016942241965,2.6157741631494877
772,Pronouns ,له.ف,his,-2.947467355471466,2.05305345962844
773,Pronouns ,نحن.ف,we,-5.90958135183539,2.8794179796642214
774,Pronouns ,لنا.ف,ours,-4.223122575443548,2.5379936517926014
775,Pronouns ,هذول.ف,these,-5.216647744637979,2.5701200400387734
776,Pronouns ,انتي.ف,you.feminine,-4.041060352827933,2.9096612497261916
777,Pronouns ,هذاك.ف,that.masculine.2,-3.753174434449918,2.0766406473807053
778,Pronouns ,هنا.ف,here.1,-2.7229958669274317,2.1616106923070686
779,Pronouns ,هناك.ف,there,-3.061349537335808,2.1123758868495734
780,Pronouns ,هذلاك.ف,those,-6.6409645395006,3.2364243495724105
781,Negation words,مو.ف,not.this,-3.137850981992826,2.47050597884554
782,Negation words,مافي.ف,there.is.nothing,-2.3487538535811776,2.574951494900827
783,Negation words,خلاص.ف,finished.1,-2.229703391631534,2.5550894833854687
784,Negation words,موهنا.ف,not.here,-4.017806403332126,2.7426303380576567
785,Negation words,ما.احب.ف,i.dont.like,-3.813697245515225,2.896717088258478
786,Negation words,خلص.ف,finished.2,-1.5833418062770697,1.5235988726383405
787,Negation words,مو.حلو.ف,not.nice,-3.084540213409575,3.10425675092582
788,Negation words,ما.ف,i.dont.want,-1.9265794251665482,2.3944516410789696
789,Negation words,بح.ف,finished.no.more,-1.3777780781092526,1.7202286378963176
790,Negation words,موحقي.ف,not.mine,-3.6766242743812296,2.6975919470237244
791,Negation words,لا.تروح.ف,dont.go,-1.8826457433720074,1.932176453859448
792,Quantifiers,كل.ف,all,-3.7494455034489604,2.89576079256636
793,Quantifiers,لاشي.ف,none,-4.000669396316166,2.628037123364255
794,Quantifiers,قدبعض.ف,alike,-6.1380730140113515,3.672791551416148
795,Quantifiers,مزيد.ف,more,-3.1344053938232737,2.5762953239549646
796,Quantifiers,واحد.تاني.ف,another.one,-3.0474538561242817,2.1240102696956042
797,Quantifiers,واناكمان.ف,me.too,-4.026773580480214,3.0788654394348547
798,Quantifiers,خمسة.ف,five,-2.9285898704552107,2.0348824399199175
799,Quantifiers,مرة.ثانية.ف,again,-3.619432696977909,2.346170130196998
800,Quantifiers,واحد.ف,one,-2.4266266539195502,1.869458595504339
801,Quantifiers,خلص.بح.ف,finished.3,-2.4908187563065263,2.4739098711983596
802,Quantifiers,اي.واحد.ف,any.one,-5.190385131007409,2.5533000940688564
803,Quantifiers,اخر.ف,another.1,-6.079724950041671,2.925720052265477
804,Quantifiers,مختلف.ف,different,-5.240053695293861,2.1351635592278373
805,Quantifiers,نفس.شي.ف,same.thing,-5.714262550781492,2.597135113813497
806,Quantifiers,غيره.ف,another.2,-6.407052866149385,3.060265710110841
807,Quantifiers,ال.تعريف.ف,the,-4.84847390804892,2.188944184937106
808,Quantifiers,اكثر.ف,more.than,-5.315372617875846,2.7665762013718
809,Quantifiers,اتنين.ف,two,-1.9943295607663116,1.738370002233183
810,Quantifiers,ثلاثة.ف,three,-2.597743887671835,1.6890749484366192
811,Quantifiers,اربعة.ف,four,-2.6354915388400872,1.6696836283717225
812,Quantifiers,سبعة.ف,seven,-3.143469017350777,1.943475330886753
813,Quantifiers,تمنية.ف,eight,-3.4218713026346177,1.9996607069894363
814,Quantifiers,تسعة.ف,nine,-3.629868357571078,2.1462946939221204
815,Quantifiers,عشرة.ف,ten,-3.4568515066151226,2.2187351446501467
816,Quantifiers,ستة.ف,six,-2.825004070888915,1.8055495882867925
817,Quantifiers,كتير.ف,a.lot.2,-4.412324262643324,2.9850094690797215
818,Quantifiers,قليلة.ف,few,-4.8539693648433975,2.8177731866857547
819,Quantifiers,مافي.مرة.ف,no.more,-2.63595936790319,2.421102835193839
820,Prepositions and Locations,فوق.ف,above,-2.190350197594676,3.0273967512667728
821,Prepositions and Locations,جنب.ف,next.to,-5.98478632230546,3.8695015718204364
822,Prepositions and Locations,جوه.ف,inside,-4.018935581893817,3.0562476817022977
823,Prepositions and Locations,تحت.ف,below,-2.549733667764073,2.819322944296189
824,Prepositions and Locations,ورا.ف,behind,-4.008934891611962,2.691932425891246
825,Prepositions and Locations,بعيد.ف,away,-4.541637011836931,2.9979984556751025
826,Prepositions and Locations,قريب.ف,near,-5.237131873298795,2.8628181645034467
827,Prepositions and Locations,امام.ف,in.front.of,-5.232194257307769,3.376615612193839
828,Prepositions and Locations,على.ف,on,-5.673631215967391,3.1569287557539645
829,Prepositions and Locations,بره.ف,out,-2.663020251650054,2.276973916886945
830,Prepositions and Locations,مع.ف,with.accompanied.by,-3.736426171320214,2.339008662367645
831,Prepositions and Locations,عن.ف,about,-5.664695719036631,2.5494379743530446
832,Prepositions and Locations,حول.ف,around,-5.047648714976727,1.9311950802886177
833,Prepositions and Locations,ل.ف,for,-4.457929910013972,2.1486308586921137
834,Prepositions and Locations,في.ف,in,-4.492212994609216,2.7760029539830198
835,Prepositions and Locations,من.ف,of.from,-3.5625572490016753,2.310339878479814
836,Prepositions and Locations,بـ.ف,with.using,-5.381233667515056,2.538614675964503
837,Prepositions and Locations,خلال.ف,through,-6.066956090953524,2.3523229875288627
838,Prepositions and Locations,هننا.ف,here.2,-2.418449152238752,2.1569351212102204
839,Prepositions and Locations,أعلى.ف,on.top.of,-5.380804273462616,2.606875281391021
840,Prepositions and Locations,الى.ف,to,-4.967439575003546,2.2146065858724633
841,Connecting Words and Letters,الوا.ف,and,-2.9826989539428346,2.099220246670782
842,Connecting Words and Letters,الا.ف,except,-3.6906440678975954,1.9889740883451974
843,Connecting Words and Letters,لو.ف,if.1,-4.5515195713799725,1.8243237187253254
844,Connecting Words and Letters,لكن.ف,but,-5.299064357790445,2.1879504230202285
845,Connecting Words and Letters,كمان.ف,also,-3.07402253249025,2.3799310395297293
846,Connecting Words and Letters,اذا.ف,if.2,-5.1677127697827085,2.217904151730859
